"Company Name","Address","City","State","Zip","Phone","Email","Website","Description","Representatives"
"A Taste of Excellence","","","","","","","http://www.taste-food.com/","",""
"A Taste of Excellence","","","","","","","http://www.taste-food.com/","",""
"Adobe Acrobat","","","","","","","https://www.adobe.com/acrobat/online/png-to-pdf.html","",""
"Adobe Acrobat","","","","","","","https://www.adobe.com/acrobat/online/png-to-pdf.html","",""
"AFox Solutions","","","","","","","http://www.afoxsolutions.com/","",""
"AfterMath","","","","","","","http://www.teamaftermath.com/","",""
"AfterMath","","","","","","","http://www.teamaftermath.com/","",""
"Akron AIDS Collaborative","","","","","","","https://ohioaac.org/","",""
"Akron AIDS Collaborative","","","","","","","https://ohioaac.org/","",""
"Akron Art Museum","","","","","","","http://www.akronartmuseum.org/","",""
"Akron Art Museum","","","","","","","http://www.akronartmuseum.org/","",""
"Akron Community Foundation","","","","","","","https://www.akroncf.org/","",""
"Akron Community Foundation","","","","","","","https://www.akroncf.org/","",""
"Akron Pride Custom Tees","","","","","","","https://www.akronpridecustomtees.com/","",""
"Akron Pride Custom Tees","","","","","","","https://www.akronpridecustomtees.com/","",""
"Akron Pride Festival","","","","","","","http://akronpridefestival.org/","",""
"Akron Public Schools","","","","","","","https://akronschools.com/","",""
"Akron Public Schools","","","","","","","https://akronschools.com/","",""
"Akron Soul Train","","","","","","","http://www.akronsoultrain.org/","",""
"Akron Soul Train","","","","","","","http://www.akronsoultrain.org/","",""
"Allison L. Harrison Law, LLC","","","","","","","http://www.alharrisonlaw.com/","",""
"Allison L. Harrison Law, LLC","","","","","","","http://www.alharrisonlaw.com/","",""
"Alzheimer's Association","","","","","","","http://alz.org/","",""
"Alzheimer's Association","","","","","","","http://alz.org/","",""
"American Greetings","","","","","","cindy.luke@amgreetings.com","https://www.americangreetings.com/","",""
"American Greetings","","","","","","cindy.luke@amgreetings.com","https://www.americangreetings.com/","",""
"American Red Cross","","","","","","","http://redcross.org/noh","",""
"American Red Cross","","","","","","","http://redcross.org/noh","",""
"Anderson Project, LLC","","","","","","","","",""
"Anderson Project, LLC","","","","","","","","",""
"Art by Ali Cleveland","","","","","","","http://www.artbyalicleveland.com/","",""
"Art by Ali Cleveland","","","","","","","http://www.artbyalicleveland.com/","",""
"Art of Sucre","","","","","","","https://artofsucre.com/","",""
"Art of Sucre","","","","","","","https://artofsucre.com/","",""
"ArtsNow","","","","","","","http://artsnow.org/","",""
"ArtsNow","","","","","","","http://artsnow.org/","",""
"Assembly for the Arts","","","","","","","http://www.assemblycle.org/","",""
"Assembly for the Arts","","","","","","","http://www.assemblycle.org/","",""
"AuF Drug Testing Services","","","","","","","http://www.aufdrugtesting.com/","",""
"AuF Drug Testing Services","","","","","","","http://www.aufdrugtesting.com/","",""
"AURA Venue CLE LLC","","","","","","","http://www.auravenuecle.com/","",""
"AURA Venue CLE LLC","","","","","","","http://www.auravenuecle.com/","",""
"Avery Dennison","","","","","","","https://www.averydennison.com/en/home.html","",""
"Avery Dennison","","","","","","","https://www.averydennison.com/en/home.html","",""
"Axuall","","","","","","","http://www.axuall.com/","",""
"Axuall","","","","","","","http://www.axuall.com/","",""
"Azimuth Medical LLC","","","","","","","http://www.azimuthmedical.com/","",""
"Azimuth Medical LLC","","","","","","","http://www.azimuthmedical.com/","",""
"B. Frohman Imaging and Design","","","","","","","http://www.bfimaging.com/","",""
"B. Frohman Imaging and Design","","","","","","","http://www.bfimaging.com/","",""
"B.Riley Sober House","","","","","","","http://brileysoberhome.org/","",""
"B.Riley Sober House","","","","","","","http://brileysoberhome.org/","",""
"Baldwin Wallace LGBT Center","","","","","","","https://www.bw.edu/student-life/services/lgbtq+/","",""
"Baldwin Wallace LGBT Center","","","","","","","https://www.bw.edu/student-life/services/lgbtq+/","",""
"Bamboo Birth","","","","","","","http://www.bamboo-birth.com/","",""
"Bamboo Birth","","","","","","","http://www.bamboo-birth.com/","",""
"BE YOU Brands","","","","","","","https://www.beyoubrandsolutions.com/","",""
"BE YOU Brands","","","","","","","https://www.beyoubrandsolutions.com/","",""
"Beachland Ballroom","","","","","","","http://beachlandballroom.com/","",""
"Beachland Ballroom","","","","","","","http://beachlandballroom.com/","",""
"Beck Center for the Arts","","","","","","","http://beckcenter.org/","",""
"Beck Center for the Arts","","","","","","","http://beckcenter.org/","",""
"Bellman & Associates, LLC","","","","","","","https://www.medicarewithlori.com/","",""
"Bellman & Associates, LLC","","","","","","","https://www.medicarewithlori.com/","",""
"Benjamin Rose","","","","","","","http://www.benrose.org/","",""
"Benjamin Rose","","","","","","","http://www.benrose.org/","",""
"Berkshire Hathaway HomeServices Professional Realty","","","","","","","http://homesbyalexcruz.com/","",""
"Berkshire Hathaway HomeServices Professional Realty","","","","","","","http://homesbyalexcruz.com/","",""
"Berkshire Hathaway HomeServices Professional Realty - Kacey Yates Gable","","","","","","","http://www.homesbuykacey.com/","",""
"Better Business Bureau","","","","","","","http://www.bbb.org/","",""
"Better Business Bureau","","","","","","","http://www.bbb.org/","",""
"Big Creek Massotherapy","","","","","","","http://www.bigcreekmassotherapy.com/","",""
"Big Creek Massotherapy","","","","","","","http://www.bigcreekmassotherapy.com/","",""
"Birdtown Strength","","","","","","","http://www.birdtownstrength.com/","",""
"Birdtown Strength","","","","","","","http://www.birdtownstrength.com/","",""
"Black Transmen of Ohio - BTMOhio","","","","","","","http://www.btmohio.org/","",""
"Black Transmen of Ohio - BTMOhio","","","","","","","http://www.btmohio.org/","",""
"Blake’s Brush","","","","","","","https://www.facebook.com/share/16QGhHayAw/?mibextid=wwXIfr","",""
"blue csr strategies","","","","","","","http://www.bluecsr.com/","",""
"blue csr strategies","","","","","","","http://www.bluecsr.com/","",""
"Blurred Lines Beauty","","","","","","","http://www.blurredlinesbeautycanton.com/","",""
"Blurred Lines Beauty","","","","","","","http://www.blurredlinesbeautycanton.com/","",""
"BorderLight Fringe Festival","","","","","","","https://www.borderlightcle.org/","",""
"BorderLight Fringe Festival","","","","","","","https://www.borderlightcle.org/","",""
"Bosco Consulting, LLC","","","","","","","https://www.boscoconsulting.org/","",""
"Boss K9","","","","","","","http://www.bossk9cle.com/","",""
"Boss K9","","","","","","","http://www.bossk9cle.com/","",""
"BottleHouse Brewing Company","","","","","","","http://www.bottlehouse.co/","",""
"BottleHouse Brewing Company","","","","","","","http://www.bottlehouse.co/","",""
"Brewnuts","","","","","","","https://www.brewnutscleveland.com/","",""
"Brewnuts","","","","","","","https://www.brewnutscleveland.com/","",""
"Bridgestone Americas, Inc.","","","","","","","https://www.bridgestoneamericas.com/en/index","",""
"Bridgestone Americas, Inc.","","","","","","","https://www.bridgestoneamericas.com/en/index","",""
"Burten, Bell, Carr Development, Inc.","","","","","","","https://www.bbcdevelopment.org/","",""
"Burten, Bell, Carr Development, Inc.","","","","","","","https://www.bbcdevelopment.org/","",""
"Cake Drama","","","","","","","https://www.cake-drama.com/","",""
"Cake Drama","","","","","","","https://www.cake-drama.com/","",""
"Call Management Resources","","","","","","","http://www.mycallcenterpros.com/","",""
"Call Management Resources","","","","","","","http://www.mycallcenterpros.com/","",""
"Camp Lilac","","","","","","","http://www.camplilac.org/","",""
"Camp Lilac","","","","","","","http://www.camplilac.org/","",""
"CANAPI","","","","","","","http://www.canapi.org/","",""
"CANAPI","","","","","","","http://www.canapi.org/","",""
"Candid","","","","","","brian.schultz@candid.org","http://candid.org/","",""
"Candid","","","","","","brian.schultz@candid.org","http://candid.org/","",""
"Carve Your Own Path, Inc.","","","","","","","http://www.cyopinc.org/","",""
"Carve Your Own Path, Inc.","","","","","","","http://www.cyopinc.org/","",""
"Case Western Reserve University LBGT Center","","","","","","","https://case.edu/lgbt/about","",""
"Case Western Reserve University LBGT Center","","","","","","","https://case.edu/lgbt/about","",""
"Catharsis Counseling CLE, LLC","","","","","","","http://catharsiscounselingcle.com/","",""
"Catharsis Counseling CLE, LLC","","","","","","","http://catharsiscounselingcle.com/","",""
"CH Porter Consulting LLC","","","","","","","","",""
"CH Porter Consulting LLC","","","","","","","","",""
"Cilantro Taqueria","","","","","","","http://cilantrotaqueria.com/","",""
"Cilantro Taqueria","","","","","","","http://cilantrotaqueria.com/","",""
"City Goods","","","","","","","https://www.citygoodscle.com/","",""
"City Goods","","","","","","","https://www.citygoodscle.com/","",""
"City of Akron","","","","","","","https://www.akronohio.gov/","",""
"City of Akron","","","","","","","https://www.akronohio.gov/","",""
"CIVITAS The Ohio River Valley LGBTQ+ Chamber of Commerce","","","","","","","https://www.civitaslgbtq.org/","",""
"CIVITAS The Ohio River Valley LGBTQ+ Chamber of Commerce","","","","","","","https://www.civitaslgbtq.org/","",""
"Claw","","","","","","","http://clawinfo.org/","",""
"Claw","","","","","","","http://clawinfo.org/","",""
"Clean Eatz - Cuyahoga Falls","","","","","","","https://locations.cleaneatz.com/oh/cuyahogafalls/meal-prep-28.html","",""
"Clean Eatz - Cuyahoga Falls","","","","","","","https://locations.cleaneatz.com/oh/cuyahogafalls/meal-prep-28.html","",""
"Cleveland Foundation","","","","","","","http://www.clevelandfoundation.org/","",""
"Cleveland Foundation","","","","","","","http://www.clevelandfoundation.org/","",""
"Cleveland Massotherapy","","","","","","","https://www.clevelandmassotherapy.com/","",""
"Cleveland Pride Band","","","","","","","http://www.clevelandprideband.org/","",""
"Cleveland Pride Band","","","","","","","http://www.clevelandprideband.org/","",""
"Cleveland Public Library","","","","","","","http://www.cpl.org/","",""
"Cleveland Public Library","","","","","","","http://www.cpl.org/","",""
"Cleveland Public Theatre","","","","","","","http://www.cptonline.org/","",""
"Cleveland Public Theatre","","","","","","","http://www.cptonline.org/","",""
"Cleveland Sex & Intimacy Counseling","","","","","","","http://www.clesexandintimacycounseling.com/","",""
"Cleveland Sex & Intimacy Counseling","","","","","","","http://www.clesexandintimacycounseling.com/","",""
"Cleveland Sex Therapy","","","","","","","http://www.clevelandsextherapy.com/","",""
"Cleveland Sex Therapy","","","","","","","http://www.clevelandsextherapy.com/","",""
"Cleveland SHRM","","","","","","","","",""
"Cleveland SHRM","","","","","","","","",""
"Cleveland State University - LGBTQ+ Student Services","","","","","","lgbtq@csuohio.edu","http://www.csuohio.edu/lgbtq","",""
"Cleveland State University - LGBTQ+ Student Services","","","","","","lgbtq@csuohio.edu","http://www.csuohio.edu/lgbtq","",""
"Cleveland Stonewall Democrats","","","","","","","https://www.clevelandstonewalldems.org/","",""
"Cleveland Therapy Group","","","","","","","https://www.clevelandtherapygroup.com/meet-the-team","",""
"Cleveland Therapy Group","","","","","","","https://www.clevelandtherapygroup.com/meet-the-team","",""
"Cleveland Votes","","","","","","","https://www.clevotes.com/?fbclid=IwAR0wbCEYo_MUIE8KZYi_Jka0arMrmNp36yAWy_yB0STwWorO_cBAFCSZ2cw","",""
"Cleveland Votes","","","","","","","https://www.clevotes.com/?fbclid=IwAR0wbCEYo_MUIE8KZYi_Jka0arMrmNp36yAWy_yB0STwWorO_cBAFCSZ2cw","",""
"Clever Girl Marketing","","","","","","","https://clevergirlmarketing.com/","",""
"Cloak & Dagger","","","","","","","https://cloakanddaggercle.com/","",""
"Cloak & Dagger","","","","","","","https://cloakanddaggercle.com/","",""
"College Now Greater Cleveland","","","","","","","http://www.collegenowgc.org/become-a-mentor","",""
"College Now Greater Cleveland","","","","","","","http://www.collegenowgc.org/become-a-mentor","",""
"Colors+ Counseling","","","","","","","http://www.colorscounseling.org/","",""
"Colors+ Counseling","","","","","","","http://www.colorscounseling.org/","",""
"Colors+ Youth Center","","","","","","","http://www.colorsplus.org/","",""
"Colors+ Youth Center","","","","","","","http://www.colorsplus.org/","",""
"Community Partners Insurance Group, LLC","","","","","","","http://getcpig.com/","",""
"Community Partners Insurance Group, LLC","","","","","","","http://getcpig.com/","",""
"Compass Policy Strategies, LLC","","","","","","","http://compasspolicy.com/","",""
"Compass Policy Strategies, LLC","","","","","","","http://compasspolicy.com/","",""
"Conservancy for Cuyahoga Valley National Park","","","","","","","https://www.conservancyforcvnp.org/","",""
"Conservancy for Cuyahoga Valley National Park","","","","","","","https://www.conservancyforcvnp.org/","",""
"Cook Insurance Group","","","","","","","http://www.cookinsurance.cc/","",""
"Cook Insurance Group","","","","","","","http://www.cookinsurance.cc/","",""
"Cory Electronics","","","","","","","https://coryelectronics.com/","",""
"Cory Electronics","","","","","","","https://coryelectronics.com/","",""
"COSE","","","","","","","","",""
"COSE","","","","","","","","",""
"COSE Council of Small Enterprises","","","","","","","https://cose.org/","",""
"COSE Council of Small Enterprises","","","","","","","https://cose.org/","",""
"County of Summit Alcohol, Drug Addiction and Mental Health Services Board","","","","","","","http://www.admboard.org/","",""
"County of Summit Alcohol, Drug Addiction and Mental Health Services Board","","","","","","","http://www.admboard.org/","",""
"County of Summit Executive's Office","","","","","","","http://co.summitoh.net/","",""
"County of Summit Executive's Office","","","","","","","http://co.summitoh.net/","",""
"CPR Trends","","","","","","","http://cprtrends.com/","",""
"CPR Trends","","","","","","","http://cprtrends.com/","",""
"Crack Corn Ltd.","","","","","","","http://www.crackcorn.com/","",""
"Crack Corn Ltd.","","","","","","","http://www.crackcorn.com/","",""
"Creative Solutions Counseling","","","","","","","http://www.allisonpettycounselingcom/","",""
"Creative Solutions Counseling","","","","","","","http://www.allisonpettycounselingcom/","",""
"Crowbar","","","","","","","https://www.facebook.com/sandusky.crowbar","",""
"Crowbar","","","","","","","https://www.facebook.com/sandusky.crowbar","",""
"Cuyahoga Community College","","","","","","","http://www.tri-c.edu/","",""
"Cuyahoga Community College","","","","","","","http://www.tri-c.edu/","",""
"Cuyahoga County Board of Developmental Disabilities","","","","","","","http://www.cuyahogabdd.org/","",""
"Cuyahoga County Board of Developmental Disabilities","","","","","","","http://www.cuyahogabdd.org/","",""
"Cuyahoga County Public Library","","","","","","","http://www.cuyahogalibrary.org/","",""
"Cuyahoga County Public Library","","","","","","","http://www.cuyahogalibrary.org/","",""
"CWRU AIDS Clinical Trials Unit","","","","","","","http://www.clevelandhiv.org/","",""
"CWRU AIDS Clinical Trials Unit","","","","","","","http://www.clevelandhiv.org/","",""
"Cuyahoga County Planning Commission","","","","","","","https://www.countyplanning.us/","",""
"Dale Dong Photography","","","","","","","http://www.daledongphoto.com/","",""
"Dale Dong Photography","","","","","","","http://www.daledongphoto.com/","",""
"DANCECleveland","","","","","","","http://www.dancecleveland.org/","",""
"DANCECleveland","","","","","","","http://www.dancecleveland.org/","",""
"Deaconess Foundation","","","","","","","http://www.deaconessfdn.org/","",""
"Deaconess Foundation","","","","","","","http://www.deaconessfdn.org/","",""
"Declutter with Devon LLC","","","","","","","https://www.declutterwithdevon.com/","",""
"Declutter with Devon LLC","","","","","","","https://www.declutterwithdevon.com/","",""
"Denise Astorino - Realtor - Howard Hanna","","","","","","","https://deniseastorino.howardhanna.com/","",""
"Denise Astorino - Realtor - Howard Hanna","","","","","","","https://deniseastorino.howardhanna.com/","",""
"Destination Cleveland","","","","","","","https://www.thisiscleveland.com/","",""
"Destination Cleveland","","","","","","","https://www.thisiscleveland.com/","",""
"Dezfox, LLC","","","","","","","http://dezfox.com/","",""
"Diebold Nixdorf","","","","","","","https://www.dieboldnixdorf.com/en-us","",""
"Diebold Nixdorf","","","","","","","https://www.dieboldnixdorf.com/en-us","",""
"Dixon Officiant Services","","","","","","","http://www.boscoconsulting.org/dixon","",""
"DJ Nick Duve","","","","","","","https://www.djnickduve.com/","",""
"DJM Consulting","","","","","","","https://www.djmconsultingllc.com/","",""
"DJM Consulting","","","","","","","https://www.djmconsultingllc.com/","",""
"DMS, Diversity Management Solutions","","","","","","","http://diversitymanagementsolutions.com/","",""
"DMS, Diversity Management Solutions","","","","","","","http://diversitymanagementsolutions.com/","",""
"Dobama Theatre","","","","","","","http://www.dobama.org/","",""
"Dobama Theatre","","","","","","","http://www.dobama.org/","",""
"Dorian Gray Galleries","","","","","","","http://www.doriangraygalleries.com/","",""
"Dorian Gray Galleries","","","","","","","http://www.doriangraygalleries.com/","",""
"DoubleTree by Hilton - Tudor Arms Hotel Cleveland","","","","","","","https://www.hilton.com/en/hotels/cleucdt-the-tudor-arms-hotel-cleveland/","",""
"DoubleTree by Hilton - Tudor Arms Hotel Cleveland","","","","","","","https://www.hilton.com/en/hotels/cleucdt-the-tudor-arms-hotel-cleveland/","",""
"Douglass & Associates Co LPA","","","","","","","http://www.douglasslaw.com/","",""
"Douglass & Associates Co LPA","","","","","","","http://www.douglasslaw.com/","",""
"Dovetail Leadership","","","","","","","https://www.linkedin.com/in/erin-cole-587a9941/","",""
"Daniel McGuire","","","","","","","","",""
"Economic Community Development Institute (ECDI)","","","","","","","https://www.ecdi.org/","",""
"Economic Community Development Institute (ECDI)","","","","","","","https://www.ecdi.org/","",""
"EDEN:Emerald Development & Economic Network","","","","","","","http://www.edencle.org/","",""
"EDEN:Emerald Development & Economic Network","","","","","","","http://www.edencle.org/","",""
"Edward Jones - Gina Betti","","","","","","","http://www.edwardjones.com/gina-betti","",""
"Edward Jones - Gina Betti","","","","","","","http://www.edwardjones.com/gina-betti","",""
"Emma Parker Photography","","","","","","","https://www.emmaparkersphotography.com/","",""
"Emma Parker Photography","","","","","","","https://www.emmaparkersphotography.com/","",""
"En@ble Growth LLC","","","","","","","http://www.enablegrowth.consulting/","",""
"Energetic Awakenings","","","","","","","http://www.energeticawakenings.com/","",""
"Engage! Cleveland","","","","","","","https://engagecleveland.org/","",""
"Engage! Cleveland","","","","","","","https://engagecleveland.org/","",""
"Equality Ohio","","","","","","","http://www.equalityohio.org/","",""
"Equality Ohio","","","","","","","http://www.equalityohio.org/","",""
"Equitas Health","","","","","","info@equitashealth.com","http://www.equitashealth.com/","",""
"Equitas Health","","","","","","info@equitashealth.com","http://www.equitashealth.com/","",""
"Equius Group LLC","","","","","","","http://www.equiusgroup.biz/","",""
"Equius Group LLC","","","","","","","http://www.equiusgroup.biz/","",""
"ERIEBANK","","","","","","","https://eriebank.bank/","",""
"ERIEBANK","","","","","","","https://eriebank.bank/","",""
"Every Angle Photography","","","","","","","http://www.everyanglephotog.com/","",""
"Every Angle Photography","","","","","","","http://www.everyanglephotog.com/","",""
"Everybody Cycle","","","","","","","https://www.everybodycycle.com/","",""
"Everybody Cycle","","","","","","","https://www.everybodycycle.com/","",""
"evrecruit.io","","","","","","","http://www.evrecruit.io/","",""
"evrecruit.io","","","","","","","http://www.evrecruit.io/","",""
"EJS Design","","","","","","","http://www.ejsdesigncle.com/","",""
"Facing History and Ourselves","","","","","","","https://www.facinghistory.org/","",""
"Facing History and Ourselves","","","","","","","https://www.facinghistory.org/","",""
"Fairmount Insurance Services","","","","","","","","",""
"Fairmount Insurance Services","","","","","","","","",""
"Fairway Independent Mortgage Corp.","","","","","","","https://maps.google.com/maps?f=q&source=s_q&geocode=&q=+(Fairway+Independent+Mortgage+Corp.+)&ie=UTF8&t=m&z=14&iwloc=near","",""
"Fairway Independent Mortgage Corp.","","","","","","","https://maps.google.com/maps?f=q&source=s_q&geocode=&q=+(Fairway+Independent+Mortgage+Corp.+)&ie=UTF8&t=m&z=14&iwloc=near","",""
"First Federal Savings of Lorain","","","","","","","http://www.fflorain.bank/","",""
"First Federal Savings of Lorain","","","","","","","http://www.fflorain.bank/","",""
"FirstEnergy","","","","","","","http://firstenergycorp.com/","",""
"FirstEnergy","","","","","","","http://firstenergycorp.com/","",""
"FIT Technologies","","","","","","","http://www.fittechnologies.com/","",""
"FIT Technologies","","","","","","","http://www.fittechnologies.com/","",""
"Food for Thought Catering","","","","","","","http://www.foodforthought-ohio.com/","",""
"Food for Thought Catering","","","","","","","http://www.foodforthought-ohio.com/","",""
"Fostering Hope","","","","","","","https://www.fosteringhopeohio.org/","",""
"Fostering Hope","","","","","","","https://www.fosteringhopeohio.org/","",""
"Full Color Printings","","","","","","","https://stores.fullcolorprintings.com/","",""
"Full Color Printings","","","","","","","https://stores.fullcolorprintings.com/","",""
"GAB INC.","","","","","","","","",""
"GAB INC.","","","","","","","","",""
"GAB INC.","","","","","","","https://secondwindmedia.co/","",""
"GAB INC.","","","","","","","https://secondwindmedia.co/","",""
"Gay Mens Field Guide, LLC","","","","","","","http://www.gaymensfieldguide.com/","",""
"Gay Mens Field Guide, LLC","","","","","","","http://www.gaymensfieldguide.com/","",""
"Gay Mens Field Guide, LLC","","","","","","","http://www.gaymensfieldguide.com/","",""
"Geauga SOGI Support Network","","","","","","","http://www.geaugasogi.org/","",""
"Ghost Market CLE","","","","","","","http://www.ghostmarketcle.com/","",""
"Ghost Market CLE","","","","","","","http://www.ghostmarketcle.com/","",""
"Giant Eagle Inc","","","","","","","http://www.gianteagle.com/","",""
"Giant Eagle Inc","","","","","","","http://www.gianteagle.com/","",""
"Giardina Capital Management","","","","","","","http://giardinacapitalmanagement.com/","",""
"Giardina Capital Management","","","","","","","http://giardinacapitalmanagement.com/","",""
"Gina Nicola Enterprises","","","","","","","http://www.ginanicola.com/","",""
"Gina Nicola Enterprises","","","","","","","http://www.ginanicola.com/","",""
"GLSEN NEO","","","","","","","https://www.glsen.org/chapter/northeast-ohio","",""
"GLSEN NEO","","","","","","","https://www.glsen.org/chapter/northeast-ohio","",""
"Goodwill Industries of Greater Cleveland and East Central Ohio","","","","","","","http://www.goodwillgoodskills.org/","",""
"Goodwill Industries of Greater Cleveland and East Central Ohio","","","","","","","http://www.goodwillgoodskills.org/","",""
"Greater Akron Chamber","","","","","","","http://www.greaterakronchamber.org/","",""
"Greater Akron Chamber","","","","","","","http://www.greaterakronchamber.org/","",""
"Greater Cleveland Partnership","","","","","","careers@greatercle.com","http://www.greatercle.com/","",""
"Greater Cleveland Partnership","","","","","","careers@greatercle.com","http://www.greatercle.com/","",""
"Greater Cleveland Regional Transit Authority","","","","","","","https://www.riderta.com/","",""
"Greater Cleveland Regional Transit Authority","","","","","","","https://www.riderta.com/","",""
"Greene River Consulting","","","","","","","https://www.greeneriverconsulting.com/","",""
"Greene River Consulting","","","","","","","https://www.greeneriverconsulting.com/","",""
"Glenmede Trust Company","","","","","","","http://glenmede.com/","",""
"Harrison Latham","","","","","","","https://harrisonlatham.com/","",""
"Haus of Transcendent","","","","","","","http://hotcle.org/","",""
"Haus of Transcendent","","","","","","","http://hotcle.org/","",""
"Hearing Science","","","","","","","http://hearsci.com/","",""
"Hearing Science","","","","","","","http://hearsci.com/","",""
"Heights Cooperative Preschool","","","","","","","https://www.heightscooppreschool.org/","",""
"Heights Cooperative Preschool","","","","","","","https://www.heightscooppreschool.org/","",""
"Business and Member Directory Search","","","","","","","http://www.growthzone.com/","",""
"Helene Can Help LLC","","","","","","","http://www.helenecanhelp.com/","",""
"Helene Can Help LLC","","","","","","","http://www.helenecanhelp.com/","",""
"Hispanic Business Center","","","","","","","https://www.hbcenter.org/hbc-home/","",""
"Hispanic Business Center","","","","","","","https://www.hbcenter.org/hbc-home/","",""
"HJSM Technology LLC","","","","","","","","",""
"HJSM Technology LLC","","","","","","","","",""
"HOLISTIC LAKEWOOD","","","","","","","http://holisticlakewood.com/","",""
"HOLISTIC LAKEWOOD","","","","","","","http://holisticlakewood.com/","",""
"Honesty for Ohio Education","","","","","","","https://www.honestyforohioeducation.org/","",""
"Hospice of the Western Reserve","","","","","","","http://www.hospicewr.org/","",""
"Hospice of the Western Reserve","","","","","","","http://www.hospicewr.org/","",""
"Howling Print & Promo","","","","","","","http://www.howlingforbusiness.com/","",""
"Howling Print & Promo","","","","","","","http://www.howlingforbusiness.com/","",""
"Huntington Bank","","","","","","","http://www.huntington.com/careers","",""
"Huntington Bank","","","","","","","http://www.huntington.com/careers","",""
"Hyland","","","","","","","https://www.hyland.com/en/careers/be-you/ERG","",""
"Hyland","","","","","","","https://www.hyland.com/en/careers/be-you/ERG","",""
"In Carol's Care","","","","","","","http://www.incarolscare.com/","",""
"In Carol's Care","","","","","","","http://www.incarolscare.com/","",""
"In Good Company","","","","","","","https://ingoodcompanyjewelry.com/","",""
"In Good Company","","","","","","","https://ingoodcompanyjewelry.com/","",""
"India Ink Tattoo Company","","","","","","","http://indiainked.com/","",""
"India Ink Tattoo Company","","","","","","","http://indiainked.com/","",""
"INNATE ELECTRIC LLC","","","","","","","http://innateelectric.net/","",""
"INNATE ELECTRIC LLC","","","","","","","http://innateelectric.net/","",""
"International Live Events Association (ILEA) Cleveland","","","","","","","https://www.ileacleveland.com/home","",""
"Irvin Dewey III","","","","","","","https://www.linkedin.com/in/irvin-dewey-iii-3955809b","",""
"Irvin Dewey III","","","","","","","https://www.linkedin.com/in/irvin-dewey-iii-3955809b","",""
"Its The Body For Me, Fitness","","","","","","","","",""
"Its The Body For Me, Fitness","","","","","","","","",""
"IVRL Inc.","","","","","","","https://ivrl.io/","",""
"IVRL Inc.","","","","","","","https://ivrl.io/","",""
"JACK Entertainment","","","","","","","https://www.jackentertainment.com/","",""
"JACK Entertainment","","","","","","","https://www.jackentertainment.com/","",""
"Janus Small Associates","","","","","","","http://www.janussmallassociates.com/","",""
"Janus Small Associates","","","","","","","http://www.janussmallassociates.com/","",""
"Jason Thompson by Dream Vacations","","","","","","","http://fogarty.dream%20vacations.com/","",""
"Jason Thompson by Dream Vacations","","","","","","","http://fogarty.dream%20vacations.com/","",""
"Jennifer Speer Design","","","","","","","http://jenniferspeer.com/","",""
"Jennifer Speer Design","","","","","","","http://jenniferspeer.com/","",""
"Jilly's Music Room LLC","","","","","","","http://www.jillysmusicroom.com/","",""
"Jilly's Music Room LLC","","","","","","","http://www.jillysmusicroom.com/","",""
"Jodi Hutton Photography, LLC","","","","","","","https://instagram.com/jodijhutton","",""
"Jodi Hutton Photography, LLC","","","","","","","https://instagram.com/jodijhutton","",""
"John Frank, MD Hair Clinics","","","","","","","https://johnfrankmd.com/","",""
"John Frank, MD Hair Clinics","","","","","","","https://johnfrankmd.com/","",""
"JToth Creative / JToth Art","","","","","","","http://www.jtoth.art/","",""
"JToth Creative / JToth Art","","","","","","","http://www.jtoth.art/","",""
"Jukebox","","","","","","","https://www.jukeboxcle.com/","",""
"Jukebox","","","","","","","https://www.jukeboxcle.com/","",""
"Just ACTS LLC","","","","","","","http://www.justactsllc.com/","",""
"Just ACTS LLC","","","","","","","http://www.justactsllc.com/","",""
"JumpStart Inc.","","","","","","","http://www.jumpstartinc.org/","",""
"K A S A interiors Staging & Home Services","","","","","","","http://www.kasainteriorscle.com/","",""
"K A S A interiors Staging & Home Services","","","","","","","http://www.kasainteriorscle.com/","",""
"Kaimatic Sweets","","","","","","","https://maps.google.com/maps?f=q&source=s_q&geocode=&q=+(Kaimatic+Sweets)&ie=UTF8&t=m&z=14&iwloc=near","",""
"Kaimatic Sweets","","","","","","","https://maps.google.com/maps?f=q&source=s_q&geocode=&q=+(Kaimatic+Sweets)&ie=UTF8&t=m&z=14&iwloc=near","",""
"Keerie Layne Creative","","","","","","","https://klaynecreative.square.site/","",""
"Keerie Layne Creative","","","","","","","https://klaynecreative.square.site/","",""
"Keller Williams Living","","","","","","","http://neohomepros.com/","",""
"Keller Williams Living","","","","","","","http://neohomepros.com/","",""
"Kendal at Home","","","","","","","http://www.kendalathome.org/","",""
"Kendal at Home","","","","","","","http://www.kendalathome.org/","",""
"Kendall Communications, LLC","","","","","","","http://www.kendallcommunications.net/","",""
"Kendall Communications, LLC","","","","","","","http://www.kendallcommunications.net/","",""
"Kenneth Cameron LLC","","","","","","","http://kmc.promo/","",""
"Kenneth Cameron LLC","","","","","","","http://kmc.promo/","",""
"Kent Area Chamber of Commerce","","","","","","","http://www.kentbiz.com/","",""
"Kent Area Chamber of Commerce","","","","","","","http://www.kentbiz.com/","",""
"Kent State LGBTQ+ Center","","","","","","","https://www.facebook.com/ksulgbt/","",""
"Kent State LGBTQ+ Center","","","","","","","https://www.facebook.com/ksulgbt/","",""
"Kerns Roofing & Restoration","","","","","","","https://www.kernsroofing.com/","",""
"Kerns Roofing & Restoration","","","","","","","https://www.kernsroofing.com/","",""
"Kim Karbon Photography","","","","","","","http://kimkarbonphotography.com/","",""
"Kindred Harbor Behavioral Health","","","","","","","http://kindredharbor.org/","",""
"Kindred Harbor Behavioral Health","","","","","","","http://kindredharbor.org/","",""
"King Nut Companies","","","","","","","http://www.kingnut.com/","",""
"King Nut Companies","","","","","","","http://www.kingnut.com/","",""
"Kingsville Lodge","","","","","","","http://www.kingsvillelodge.com/","",""
"Kingsville Lodge","","","","","","","http://www.kingsvillelodge.com/","",""
"Kolt Industrial Solutions LLC","","","","","","","http://www.koltindustrialsolutions.com/","",""
"Kolt Industrial Solutions LLC","","","","","","","http://www.koltindustrialsolutions.com/","",""
"KW Design","","","","","","","http://www.kwdesigncle.com/","",""
"KW Design","","","","","","","http://www.kwdesigncle.com/","",""
"Lady Luck Studio LLC","","","","","","","http://ladyluck.studio/","",""
"Lady Luck Studio LLC","","","","","","","http://ladyluck.studio/","",""
"Lago Custom Events","","","","","","","http://lagocustomevents.com/","",""
"Lago Custom Events","","","","","","","http://lagocustomevents.com/","",""
"Lasting Impressions Event Rental","","","","","","","http://www.lirents.net/","",""
"Lasting Impressions Event Rental","","","","","","","http://www.lirents.net/","",""
"Lavender & Lace Event Rentals","","","","","","","https://www.lavenderandlacerentals.com/","",""
"Lavender & Lace Event Rentals","","","","","","","https://www.lavenderandlacerentals.com/","",""
"Law Enforcement Management Solutions (LEMS)","","","","","","","http://lems.services/","",""
"Law Enforcement Management Solutions (LEMS)","","","","","","","http://lems.services/","",""
"LDR Worldwide","","","","","","","http://ldrworldwide.com/","",""
"LDR Worldwide","","","","","","","http://ldrworldwide.com/","",""
"Leasurely Crafts","","","","","","","http://leasurelycrafts.com/","",""
"Leasurely Crafts","","","","","","","http://leasurelycrafts.com/","",""
"Left of Str8 Media and Consulting","","","","","","","http://www.leftofstr8.com/","",""
"Left of Str8 Media and Consulting","","","","","","","http://www.leftofstr8.com/","",""
"Legal Aid Society of Cleveland","","","","","","careers@lasclev.org","http://lasclev.org/","",""
"Legal Aid Society of Cleveland","","","","","","careers@lasclev.org","http://lasclev.org/","",""
"Leigh Bacho Photography LLC","","","","","","","http://laurenbachophoto.com/","",""
"Lepley & Co","","","","","","","https://www.lepleyandco.com/","",""
"Lepley & Co","","","","","","","https://www.lepleyandco.com/","",""
"LGBTQ+ Allies Lake County","","","","","","","http://www.lgbtlakecounty.com/","",""
"LGBTQ+ Allies Lake County","","","","","","","http://www.lgbtlakecounty.com/","",""
"LGBTQ+ Lorain County","","","","","","","https://www.lgbtqloraincounty.com/","",""
"LGBTQ+ Lorain County","","","","","","","https://www.lgbtqloraincounty.com/","",""
"LGBTQIA Coalition","","","","","","","https://maps.google.com/maps?f=q&source=s_q&geocode=&q=+(LGBTQIA+Coalition)&ie=UTF8&t=m&z=14&iwloc=near","",""
"LGBTQIA Coalition","","","","","","","https://maps.google.com/maps?f=q&source=s_q&geocode=&q=+(LGBTQIA+Coalition)&ie=UTF8&t=m&z=14&iwloc=near","",""
"Licursi Bartending & Event Management Services","","","","","","","http://www.licursibartending.com/","",""
"Licursi Bartending & Event Management Services","","","","","","","http://www.licursibartending.com/","",""
"Life Equity LLC","","","","","","","http://www.lifeequity.com/","",""
"Life Equity LLC","","","","","","","http://www.lifeequity.com/","",""
"Liminal Esports LLC dba Snowbright Studio","","","","","","","https://snowbrightstudio.com/","",""
"Liminal Esports LLC dba Snowbright Studio","","","","","","","https://snowbrightstudio.com/","",""
"Linear Creative LLC","","","","","","","http://www.linearcreative.com/","",""
"Linear Creative LLC","","","","","","","http://www.linearcreative.com/","",""
"Little Rose Tavern","","","","","","","https://www.facebook.com/LittleRoseTavern","",""
"Little Rose Tavern","","","","","","","https://www.facebook.com/LittleRoseTavern","",""
"Lorain County Chamber of Commerce","","","","","","","http://www.loraincountychamber.com/","",""
"Lorain County Chamber of Commerce","","","","","","","http://www.loraincountychamber.com/","",""
"LOVEboldly","","","","","","","https://www.loveboldly.net/","",""
"LOVEboldly","","","","","","","https://www.loveboldly.net/","",""
"Lakewood Alive","","","","","","","","",""
"Main Street Kent","","","","","","","https://mainstreetkent.org/","",""
"Main Street Kent","","","","","","","https://mainstreetkent.org/","",""
"Manic Pixie Dream Market","","","","","","","http://manicpixiedreammarket.com/","",""
"Manic Pixie Dream Market","","","","","","","http://manicpixiedreammarket.com/","",""
"Margie's Hope","","","","","","","http://margieshope.org/","",""
"Maria’s Permanent Hair Removal, LLC","","","","","","","http://www.mariashairremoval.com/","",""
"Maria’s Permanent Hair Removal, LLC","","","","","","","http://www.mariashairremoval.com/","",""
"Marigold Catering","","","","","","","http://marigoldcatering.com/","",""
"Marigold Catering","","","","","","","http://marigoldcatering.com/","",""
"Maris Equi","","","","","","","http://marisequi.com/","",""
"Marissa Patsey LPCC","","","","","","","http://www.marissapatsey.com/","",""
"Marissa Patsey LPCC","","","","","","","http://www.marissapatsey.com/","",""
"Marquez Development","","","","","","","https://www.linkedin.com/in/richardmarquezjr","",""
"Marquez Development","","","","","","","https://www.linkedin.com/in/richardmarquezjr","",""
"Masuda Law, LLC","","","","","","","http://masudalawllc.com/","",""
"Matt Rolf Attorney LLC","","","","","","","http://mattrolfattorneyllc.com/","",""
"Matt Rolf Attorney LLC","","","","","","","http://mattrolfattorneyllc.com/","",""
"Mavuno of Ohio","","","","","","","http://www.mavunoofoh.com/","",""
"Mavuno of Ohio","","","","","","","http://www.mavunoofoh.com/","",""
"MB Detailing","","","","","","","http://www.mbdetail.com/","",""
"MB Detailing","","","","","","","http://www.mbdetail.com/","",""
"MDTX Logistics, LLC","","","","","","","https://sites.google.com/view/mdtxlogisticsllc","",""
"MDTX Logistics, LLC","","","","","","","https://sites.google.com/view/mdtxlogisticsllc","",""
"media schmedia LLC","","","","","","","https://media-schmedia.com/","",""
"Medical Mobile of Ohio","","","","","","","http://medicalmobileohio.com/","",""
"Medical Mobile of Ohio","","","","","","","http://medicalmobileohio.com/","",""
"Medical Mutual","","","","","","lydia.shinn@medmutual.com","http://www.medmutual.com/","",""
"Medical Mutual","","","","","","lydia.shinn@medmutual.com","http://www.medmutual.com/","",""
"MJB Immigration","","","","","","","http://www.mjbimmigration.com/","",""
"MJB Immigration","","","","","","","http://www.mjbimmigration.com/","",""
"MOD Network LLC","","","","","","","http://www.mod.network/","",""
"MOD Network LLC","","","","","","","http://www.mod.network/","",""
"Modern Real Estate Services LLC dba Modern Title","","","","","","","http://moderntitleohio.com/","",""
"Modern Real Estate Services LLC dba Modern Title","","","","","","","http://moderntitleohio.com/","",""
"Morgan Financial Associates, LLC","","","","","","","https://www.morganfinancialassoc.com/","",""
"Morgan Financial Associates, LLC","","","","","","","https://www.morganfinancialassoc.com/","",""
"Mullen Insurance Solutions LLC","","","","","","","http://www.mulleninsurancesolutions.com/","",""
"Mullen Insurance Solutions LLC","","","","","","","http://www.mulleninsurancesolutions.com/","",""
"Multi Cultural Queer+ Association","","","","","","","http://www.mcultural.org/","",""
"Multi Cultural Queer+ Association","","","","","","","http://www.mcultural.org/","",""
"Museum of Contemporary Art Cleveland","","","","","","apply@mocacleveland.org","http://www.mocacleveland.org/","",""
"Museum of Contemporary Art Cleveland","","","","","","apply@mocacleveland.org","http://www.mocacleveland.org/","",""
"My Noble Path","","","","","","","http://www.mynoblepath.com/","",""
"Mary Kate Meals","","","","","","","","",""
"Morgan Stanley","","","","","","","https://advisor.morganstanley.com/200-public-square-group","",""
"Nadas Law, LLC","","","","","","","http://www.nadaslaw.com/","",""
"Nadas Law, LLC","","","","","","","http://www.nadaslaw.com/","",""
"Navigate Counseling and Consultation Services","","","","","","","http://www.navigatecounseling.org/","",""
"Navigate Counseling and Consultation Services","","","","","","","http://www.navigatecounseling.org/","",""
"Near West Theatre","","","","","","","http://www.nearwesttheatre.org/","",""
"Near West Theatre","","","","","","","http://www.nearwesttheatre.org/","",""
"Neighborhood Family Practice","","","","","","jcastellano@nfpmedcenter.org","https://www.nfpmedcenter.org/","",""
"Neighborhood Family Practice","","","","","","jcastellano@nfpmedcenter.org","https://www.nfpmedcenter.org/","",""
"Nestle","","","","","","","http://www.nestleusa.com/","",""
"Nestle","","","","","","","http://www.nestleusa.com/","",""
"Next Level Therapy","","","","","","","https://www.nextleveltherapy.net/","",""
"Next Level Therapy","","","","","","","https://www.nextleveltherapy.net/","",""
"Nightsweats & T-cells","","","","","","","http://www.nightsweats.com/","",""
"Nightsweats & T-cells","","","","","","","http://www.nightsweats.com/","",""
"Ninja City Gordon Square LLC","","","","","","","http://ninjacity.com/","",""
"Ninja City Gordon Square LLC","","","","","","","http://ninjacity.com/","",""
"NOAS","","","","","","","https://noas.com/","",""
"NOAS","","","","","","","https://noas.com/","",""
"Nomz, LLC","","","","","","","https://www.nomzeatz.com/","",""
"Nomz, LLC","","","","","","","https://www.nomzeatz.com/","",""
"North Coast Men's Chorus","","","","","","","https://ncmchorus.org/","",""
"North Coast Men's Chorus","","","","","","","https://ncmchorus.org/","",""
"Northeast Ohio Coalition for the Homeless","","","","","","","http://www.neoch.org/","",""
"Northeast Ohio Coalition for the Homeless","","","","","","","http://www.neoch.org/","",""
"Northeast Ohio Regional Sewer District","","","","","","","https://www.neorsd.org/","",""
"Northeast Ohio Regional Sewer District","","","","","","","https://www.neorsd.org/","",""
"Northside Marketplace","","","","","","","https://www.northsidemarketplace.com/","",""
"Northside Marketplace","","","","","","","https://www.northsidemarketplace.com/","",""
"Northwest Bank","","","","","","","https://www.northwest.bank/","",""
"Northwest Bank","","","","","","","https://www.northwest.bank/","",""
"Northwest Neighborhoods","","","","","","","https://www.nwneighborhoods.org/","",""
"Northwest Neighborhoods","","","","","","","https://www.nwneighborhoods.org/","",""
"Nueva Luz Urban Resource Center","","","","","","","http://www.nlurc.org/","",""
"Nueva Luz Urban Resource Center","","","","","","","http://www.nlurc.org/","",""
"NAACP Cleveland","","","","","","","https://clevelandnaacp.org/","",""
"National Gay & Lesbian Chamber of Commerce (NGLCC)","","","","","","","","",""
"Oasis Counseling Solutions, LLC","","","","","","","https://ocsohio.com/","",""
"O'Flanagan All-Purpose Services LLC","","","","","","","https://oapsie.com/","",""
"O'Flanagan All-Purpose Services LLC","","","","","","","https://oapsie.com/","",""
"Old Brooklyn Community Development Corporation","","","","","","","https://www.oldbrooklyn.com/","",""
"Old Brooklyn Community Development Corporation","","","","","","","https://www.oldbrooklyn.com/","",""
"Old Stone Capital Partners LLC","","","","","","","http://www.oldstonecapital.com/","",""
"Old Stone Capital Partners LLC","","","","","","","http://www.oldstonecapital.com/","",""
"On Air Communications","","","","","","","https://www.linkedin.com/company/on-air-communications","",""
"On Air Communications","","","","","","","https://www.linkedin.com/company/on-air-communications","",""
"Open Arms Adoptions","","","","","","","http://www.openarmsadopt.com/","",""
"Open Arms Adoptions","","","","","","","http://www.openarmsadopt.com/","",""
"Organizational Architecture, Inc.","","","","","","","http://oahumanresources.com/","",""
"Organizational Architecture, Inc.","","","","","","","http://oahumanresources.com/","",""
"Oswald Companies","","","","","","amcnutt@oswaldcompanies.com","http://www.oswaldcompanies.com/","",""
"Oswald Companies","","","","","","amcnutt@oswaldcompanies.com","http://www.oswaldcompanies.com/","",""
"Out Fitness Collective","","","","","","","https://out.fitness/","",""
"Out Fitness Collective","","","","","","","https://out.fitness/","",""
"Out In Tech","","","","","","","","",""
"Out In Tech","","","","","","","","",""
"OverDrive","","","","","","","http://www.overdrive.com/","",""
"OverDrive","","","","","","","http://www.overdrive.com/","",""
"Oberlin College","","","","","","","https://www.oberlin.edu/","",""
"Paige Mireles Photography","","","","","","","https://paigemireles.com/author/pmirelesphotographygmail-com/page/3/","",""
"Paige Mireles Photography","","","","","","","https://paigemireles.com/author/pmirelesphotographygmail-com/page/3/","",""
"Palmer Event Solutions","","","","","","","https://www.palmereventsolutions.com/","",""
"Palmer Event Solutions","","","","","","","https://www.palmereventsolutions.com/","",""
"Pango Apparel","","","","","","","https://www.facebook.com/profile.php?id=61556810552512","",""
"Perkoski Photography","","","","","","","http://www.perkoski.com/","",""
"Perkoski Photography","","","","","","","http://www.perkoski.com/","",""
"Pet-tique","","","","","","","http://www.pettique.com/","",""
"Pet-tique","","","","","","","http://www.pettique.com/","",""
"PFLAG Akron","","","","","","","http://www.pflagakron.com/","",""
"PFLAG Akron","","","","","","","http://www.pflagakron.com/","",""
"PFLAG Cleveland","","","","","","","http://www.pflagcleveland.org/","",""
"PFLAG Cleveland","","","","","","","http://www.pflagcleveland.org/","",""
"Playhouse Square","","","","","","","https://www.playhousesquare.org/events-tickets/group-tickets-1","",""
"Playhouse Square","","","","","","","https://www.playhousesquare.org/events-tickets/group-tickets-1","",""
"PNC Bank","","","","","","","https://www.linkedin.com/company/pnc-bank/","",""
"PNC Bank","","","","","","","https://www.linkedin.com/company/pnc-bank/","",""
"PortoSpire","","","","","","","https://www.portospire.com/","",""
"PortoSpire","","","","","","","https://www.portospire.com/","",""
"Prestige Cleaning and Windows","","","","","","","http://www.prestigecleaningandwindows.com/","",""
"Prestige Cleaning and Windows","","","","","","","http://www.prestigecleaningandwindows.com/","",""
"PRN Solutions","","","","","","","http://www.prn4hme.com/","",""
"PRN Solutions","","","","","","","http://www.prn4hme.com/","",""
"Propped Productions","","","","","","","http://www.proppedproductions.com/","",""
"Propped Productions","","","","","","","http://www.proppedproductions.com/","",""
"Rainbow of Hope Counseling LLC","","","","","","","https://www.inclusivetherapists.com/mary-wesley-cna-msw-lisw-s-lmsw","",""
"RECESS GAMES","","","","","","","http://recess.net/","",""
"RECESS GAMES","","","","","","","http://recess.net/","",""
"Reddy or Knot Design, LLC","","","","","","","http://www.reddyorknot.com/","",""
"Reddy or Knot Design, LLC","","","","","","","http://www.reddyorknot.com/","",""
"Redefined LLC","","","","","","","https://iamredefined.org/","",""
"Redefined LLC","","","","","","","https://iamredefined.org/","",""
"Rock The House Entertainment Group, Inc.","","","","","","","http://www.rthgroup.com/","",""
"Rock The House Entertainment Group, Inc.","","","","","","","http://www.rthgroup.com/","",""
"Rockwell Automation","","","","","","","https://www.rockwellautomation.com/","",""
"Rockwell Automation","","","","","","","https://www.rockwellautomation.com/","",""
"Safe Pass Driving School","","","","","","","http://safepasscle.com/","",""
"Safe Pass Driving School","","","","","","","http://safepasscle.com/","",""
"Sage & Maven, LLC","","","","","","","http://www.sageandmaven.com/","",""
"Sappho and Her Beans","","","","","","","http://sapphoandherbeans.com/","",""
"Sappho and Her Beans","","","","","","","http://sapphoandherbeans.com/","",""
"Saucisson","","","","","","","http://www.saucissoncleveland.com/","",""
"Saucisson","","","","","","","http://www.saucissoncleveland.com/","",""
"Scarlato's Pizzeria","","","","","","","https://www.facebook.com/profile.php?id=100086304391498","",""
"Scarlato's Pizzeria","","","","","","","https://www.facebook.com/profile.php?id=100086304391498","",""
"Seeds of Literacy","","","","","","","http://seedsofliteracy.org/","",""
"Seeds of Literacy","","","","","","","http://seedsofliteracy.org/","",""
"Shamus Dickinson - Howard Hanna Real Estate Services","","","","","","","https://shamusdickinson.howardhanna.com/","",""
"Shearer's Foods LLC","","","","","","","http://www.shearers.com/","",""
"Shearer's Foods LLC","","","","","","","http://www.shearers.com/","",""
"Shiny Penny Studios","","","","","","","http://www.shinypennystudios.com/","",""
"Shiny Penny Studios","","","","","","","http://www.shinypennystudios.com/","",""
"Sisters of Economic Action","","","","","","","https://sistersofecon.org/","",""
"Sisters of Economic Action","","","","","","","https://sistersofecon.org/","",""
"Sits 'n Wiggles Dog Training 'n Behavior Consulting","","","","","","","http://www.sitsnwigglescle.com/","",""
"Sits 'n Wiggles Dog Training 'n Behavior Consulting","","","","","","","http://www.sitsnwigglescle.com/","",""
"Skidmark Garage CLE","","","","","","","http://www.skidmarkgarage.com/","",""
"Skidmark Garage CLE","","","","","","","http://www.skidmarkgarage.com/","",""
"SkinnyBoy Media","","","","","","","https://skinnyboymedia.com/","",""
"SkinnyBoy Media","","","","","","","https://skinnyboymedia.com/","",""
"Skylight Financial Group","","","","","","","http://www.skylightfinancialgroup.com/","",""
"Skylight Financial Group","","","","","","","http://www.skylightfinancialgroup.com/","",""
"Smart-LE","","","","","","","https://smartlevr.com/","",""
"Smart-LE","","","","","","","https://smartlevr.com/","",""
"Sokany Strategic Consulting, LLC","","","","","","","https://www.linkedin.com/in/stephen-sokany","",""
"Sokany Strategic Consulting, LLC","","","","","","","https://www.linkedin.com/in/stephen-sokany","",""
"Solidago Business Advisors","","","","","","","https://www.solidagobusiness.com/","",""
"Solidago Business Advisors","","","","","","","https://www.solidagobusiness.com/","",""
"Sophie La Gourmande","","","","","","","https://www.sophielagourmande.com/","",""
"Sophie La Gourmande","","","","","","","https://www.sophielagourmande.com/","",""
"Stan Hywet Hall & Gardens","","","","","","","https://stanhywet.org/tours-admission","",""
"Stan Hywet Hall & Gardens","","","","","","","https://stanhywet.org/tours-admission","",""
"Statement Limousine, LLC","","","","","","","http://www.statementlimo.com/","",""
"Statement Limousine, LLC","","","","","","","http://www.statementlimo.com/","",""
"STEM Handmade Soap","","","","","","","http://stemsoaps.com/","",""
"STEM Handmade Soap","","","","","","","http://stemsoaps.com/","",""
"Stonewall Columbus","","","","","","","https://stonewallcolumbus.org/","",""
"Stonewall Columbus","","","","","","","https://stonewallcolumbus.org/","",""
"Stonewall Sports","","","","","","","","",""
"Stonewall Sports","","","","","","","","",""
"Streamline Technology Group","","","","","","","http://www.stgohio.com/","",""
"Streamline Technology Group","","","","","","","http://www.stgohio.com/","",""
"Studio West 117","","","","","","","https://studiowest117.com/","",""
"Studio West 117","","","","","","","https://studiowest117.com/","",""
"Summa Health","","","","","","","http://www.summahealth.org/","",""
"Summa Health","","","","","","","http://www.summahealth.org/","",""
"Sustainable Economies Consulting LLC","","","","","","","http://www.sustainableeconomiesconsulting.com/","",""
"Swarm Strategy","","","","","","","http://www.swarmstrategy.us/","",""
"Swarm Strategy","","","","","","","http://www.swarmstrategy.us/","",""
"Sweets and Geeks","","","","","","","http://sweetsandgeeks.com/","",""
"Sweets and Geeks","","","","","","","http://sweetsandgeeks.com/","",""
"Szabó Services, LLC","","","","","","","http://www.szaboservices.com/","",""
"Szabó Services, LLC","","","","","","","http://www.szaboservices.com/","",""
"Szweda Consulting, LLC","","","","","","","http://szwedaconsulting.com/","",""
"T. Potter Instructional Design","","","","","","","https://tpotterdesign.com/","",""
"T. Potter Instructional Design","","","","","","","https://tpotterdesign.com/","",""
"Talespinner Children's Theatre","","","","","","","http://www.talespinnerchildrenstheatre.org/","",""
"Talespinner Children's Theatre","","","","","","","http://www.talespinnerchildrenstheatre.org/","",""
"Teambff-Paparazzi Accessories","","","","","","","https://shop.paparazzipremiere.com/TeamBFF","",""
"Teambff-Paparazzi Accessories","","","","","","","https://shop.paparazzipremiere.com/TeamBFF","",""
"The Brother's Lounge","","","","","","","https://www.brotherslounge.com/","",""
"The Brother's Lounge","","","","","","","https://www.brotherslounge.com/","",""
"The Buckeye Flame","","","","","","","http://www.thebuckeyeflame.com/","",""
"The Buckeye Flame","","","","","","","http://www.thebuckeyeflame.com/","",""
"The Center for Community Solutions","","","","","","","http://www.communitysolutions.com/","",""
"The Center for Community Solutions","","","","","","","http://www.communitysolutions.com/","",""
"The Center for Student Diversity and Inclusion at John Carroll University","","","","","","","https://www.jcu.edu/csdi","",""
"The Center for Student Diversity and Inclusion at John Carroll University","","","","","","","https://www.jcu.edu/csdi","",""
"The City Club of Cleveland","","","","","","","http://cityclub.org/","",""
"The City Club of Cleveland","","","","","","","http://cityclub.org/","",""
"The Davey Tree Expert Company","","","","","","","https://www.davey.com/","",""
"The Davey Tree Expert Company","","","","","","","https://www.davey.com/","",""
"The Diversity Center of Northeast Ohio","","","","","","","http://www.diversitycenterneo.org/","",""
"The Diversity Center of Northeast Ohio","","","","","","","http://www.diversitycenterneo.org/","",""
"The Elliot","","","","","","","http://www.theelliotcle.com/","",""
"The Elliot","","","","","","","http://www.theelliotcle.com/","",""
"The Energy Producer Entertainment","","","","","","","https://www.theenergyproducer.com/","",""
"The Energy Producer Entertainment","","","","","","","https://www.theenergyproducer.com/","",""
"The Goodwill Industries of Akron, Ohio, Inc.","","","","","","","http://www.goodwillakron.org/","",""
"The Goodwill Industries of Akron, Ohio, Inc.","","","","","","","http://www.goodwillakron.org/","",""
"The Goodyear Tire & Rubber Company","","","","","","jordan_kachmarik@goodyear.com","http://www.goodyear.com/","",""
"The Goodyear Tire & Rubber Company","","","","","","jordan_kachmarik@goodyear.com","http://www.goodyear.com/","",""
"The Green Photograph","","","","","","","http://www.thegreenphotograph.com/","",""
"The Green Photograph","","","","","","","http://www.thegreenphotograph.com/","",""
"The Home Is Key","","","","","","","https://thehomeiskey.com/","",""
"The Home Is Key","","","","","","","https://thehomeiskey.com/","",""
"The J.M. Smucker Company","","","","","","","https://www.jmsmucker.com/","",""
"The J.M. Smucker Company","","","","","","","https://www.jmsmucker.com/","",""
"The Keep Safe Insurance","","","","","","","https://www.facebook.com/karry.trotter/","",""
"The Keep Safe Insurance","","","","","","","https://www.facebook.com/karry.trotter/","",""
"The LGBT Community Center of Greater Cleveland","","","","","","","http://www.lgbtcleveland.org/","",""
"The LGBT Community Center of Greater Cleveland","","","","","","","http://www.lgbtcleveland.org/","",""
"The Lubrizol Corporation","","","","","","","http://www.lubrizol.com/","",""
"The Lubrizol Corporation","","","","","","","http://www.lubrizol.com/","",""
"The Madison","","","","","","","http://www.themadisonvenue.com/","",""
"The Madison","","","","","","","http://www.themadisonvenue.com/","",""
"The Mallicoat Group- CrossCountry Mortgage LLC","","","","","","","http://www.themallicoatgroup.com/","",""
"The Mallicoat Group- CrossCountry Mortgage LLC","","","","","","","http://www.themallicoatgroup.com/","",""
"The MetroHealth System","","","","","","","http://www.metrohealth.org/","",""
"The MetroHealth System","","","","","","","http://www.metrohealth.org/","",""
"The Presidents’ Council","","","","","","","http://www.thepresidentscouncil.com/","",""
"The Presidents’ Council","","","","","","","http://www.thepresidentscouncil.com/","",""
"The Reading Room CLE","","","","","","","http://www.readingroomcle.org/","",""
"The Reading Room CLE","","","","","","","http://www.readingroomcle.org/","",""
"The Red Twig Floral Design Studio","","","","","","","https://redtwigdesigns.com/","",""
"The Red Twig Floral Design Studio","","","","","","","https://redtwigdesigns.com/","",""
"The Shinn Law Firm, LLC","","","","","","","http://www.shinnlawfirm.com/","",""
"The Shinn Law Firm, LLC","","","","","","","http://www.shinnlawfirm.com/","",""
"The Thresholds Group","","","","","","","","",""
"The Thresholds Group","","","","","","","","",""
"The Urban Orchid","","","","","","","http://theurbanorchid.com/","",""
"The Urban Orchid","","","","","","","http://theurbanorchid.com/","",""
"The Well CDC","","","","","","","https://www.thewellakron.com/","",""
"The Well CDC","","","","","","","https://www.thewellakron.com/","",""
"The Young Latino Network","","","","","","","https://ylncle.org/","",""
"The Young Latino Network","","","","","","","https://ylncle.org/","",""
"The Yunker Group","","","","","","","http://www.theyunkergroup.com/","",""
"The Yunker Group","","","","","","","http://www.theyunkergroup.com/","",""
"Thellian Coaching, LLC","","","","","","","https://www.linkedin.com/in/guy-thellian-he-him-his-5988951/","",""
"Thompson Hine LLP","","","","","","","http://www.thompsonhine.com/","",""
"Thompson Hine LLP","","","","","","","http://www.thompsonhine.com/","",""
"Thrive Coaching & Consulting","","","","","","","http://www.helpingyouthrive.net/","",""
"Thrive Coaching & Consulting","","","","","","","http://www.helpingyouthrive.net/","",""
"Thriveworks Middleburg Heights","","","","","","","https://thriveworks.com/cleveland-south-counseling","",""
"Thriveworks Middleburg Heights","","","","","","","https://thriveworks.com/cleveland-south-counseling","",""
"Toolbar Graphics","","","","","","","http://www.toolbargraphics.com/","",""
"Trans Ohio","","","","","","","http://transohio.org/","",""
"TransHumanity","","","","","","","https://transhumanity.wixsite.com/transhumanity","",""
"TransHumanity","","","","","","","https://transhumanity.wixsite.com/transhumanity","",""
"Transwellness Resources & Support Network","","","","","","","https://www.facebook.com/TransWellnessNetwork","",""
"Transwellness Resources & Support Network","","","","","","","https://www.facebook.com/TransWellnessNetwork","",""
"TRIAD Communications","","","","","","","http://www.triadadv.com/","",""
"TRIAD Communications","","","","","","","http://www.triadadv.com/","",""
"Tri-C Corporate College","","","","","","","http://www.corporatecollege.com/","",""
"Tri-C Corporate College","","","","","","","http://www.corporatecollege.com/","",""
"Troy Bratz, REALTOR  Keller Williams Elevate","","","","","","","http://troybratz.kw.com/","",""
"Troy Bratz, REALTOR  Keller Williams Elevate","","","","","","","http://troybratz.kw.com/","",""
"Twist of Fate CLE LLC","","","","","","","http://twistoffatecle.com/","",""
"Twist of Fate CLE LLC","","","","","","","http://twistoffatecle.com/","",""
"Twist Social Club","","","","","","","http://www.twistsocialclub.com/","",""
"Twist Social Club","","","","","","","http://www.twistsocialclub.com/","",""
"United Church of Christ, National Ministries","","","","","","Humanresources@ucc.org","http://ucc.org/","",""
"United Church of Christ, National Ministries","","","","","","Humanresources@ucc.org","http://ucc.org/","",""
"Ursuline College Athletics","","","","","","","https://ursulinearrows.com/","",""
"Ursuline College Athletics","","","","","","","https://ursulinearrows.com/","",""
"Vitiman Kandie","","","","","","","https://www.vitimankandie.com/","",""
"Vampy Vegan","","","","","","","","",""
"Walder Studio","","","","","","","https://www.walderstudio.com/","",""
"Walder Studio","","","","","","","https://www.walderstudio.com/","",""
"Wedding in a Box, LLC","","","","","","","http://www.marrymewib.com/","",""
"Wedding in a Box, LLC","","","","","","","http://www.marrymewib.com/","",""
"West Park Kamm's Neighborhood Development","","","","","","","http://www.westparkkamms.org/","",""
"West Park Kamm's Neighborhood Development","","","","","","","http://www.westparkkamms.org/","",""
"Western Reserve Consulting","","","","","","","http://www.westernreserveconsulting.com/","",""
"Western Reserve Consulting","","","","","","","http://www.westernreserveconsulting.com/","",""
"Western Reserve Distillers","","","","","","","http://www.westernreservedistillers.com/","",""
"Western Reserve Distillers","","","","","","","http://www.westernreservedistillers.com/","",""
"Westfield","","","","","","DiversityEquityandInclusion@westfieldgrp.com","http://www.westfieldinsurance.com/","",""
"Westfield","","","","","","DiversityEquityandInclusion@westfieldgrp.com","http://www.westfieldinsurance.com/","",""
"Where the Heart Is Catering","","","","","","","https://www.wthicateringandevents.com/","",""
"Where the Heart Is Catering","","","","","","","https://www.wthicateringandevents.com/","",""
"Widenor Consulting LLC","","","","","","","https://www.widenorconsulting.com/","",""
"Widenor Consulting LLC","","","","","","","https://www.widenorconsulting.com/","",""
"WKYC Studios","","","","","","","https://www.wkyc.com/","",""
"WKYC Studios","","","","","","","https://www.wkyc.com/","",""
"Woodhouse Day Spa","","","","","","","https://cleveland.woodhousespas.com/","",""
"Woodhouse Day Spa","","","","","","","https://cleveland.woodhousespas.com/","",""
"Work in Progress Consulting","","","","","","","http://www.workinprogressconsulting.net/","",""
"Work in Progress Consulting","","","","","","","http://www.workinprogressconsulting.net/","",""
"WovenSmart LLC","","","","","","","http://www.wovensmart.com/","",""
"WovenSmart LLC","","","","","","","http://www.wovensmart.com/","",""
"WrightPath Solutions","","","","","","","http://www.wrightpathsolutions.com/","",""
"WTWH Media LLC","","","","","","","http://www.wtwhmedia.com/","",""
"WTWH Media LLC","","","","","","","http://www.wtwhmedia.com/","",""
"Wax Mage Records","","","","","","","http://www.waxmage.com/","",""
"Wendy Cutler","","","","","","","","",""
"West Bay Construction","","","","","","","https://westbayco.com/","",""